userId,q1,q2,q3,q4,q5,q6,q7
4097c2f2-8aa6-45a0-ac7d-5c1d206cf310,"profile-family-myself, profile-family-spouse",profile-property-rent,"profile-property-investing, profile-property-wanthome, profile-property-budgeting",,,,
bc6b1fc5-ccff-42f8-83ff-1a9065d44cfd,"profile-family-myself, profile-family-agingparents",profile-property-rent,"profile-property-investing, profile-property-wanthome, profile-property-budgeting",,,,
9759c7c0-62e5-4ad4-9a3f-6bfff3fbfcf8,"profile-family-havepets, profile-family-myself, profile-family-havekids, profile-family-spouse",profile-property-ownhome,"profile-property-estateplanning, profile-property-investing, profile-property-lifeinsurance, profile-property-taxplanning",,,,
d89e4fb3-42a4-4c47-9846-3fb030e3a78c,"profile-family-myself, profile-family-havekids, profile-family-spouse",profile-property-rent,"profile-property-estateplanning, profile-property-investing, profile-property-collegefund, profile-property-budgeting, profile-property-taxplanning",,,,
2a99083b-a3d7-42d0-997a-a72b39f96081,"profile-family-extendedfam, profile-family-myself, profile-family-havekids, profile-family-spouse",profile-property-rent,profile-property-wanthome,,,,
7ee745fd-82b7-4f3d-86a8-1e968578bfbc,profile-family-myself,profile-property-rent,"profile-property-investing, profile-property-wanthome, profile-property-budgeting, profile-property-taxplanning",,,,
fb90a05c-5c8e-473f-beef-cf3335260db0,"profile-family-myself, profile-family-havekids",profile-property-ownhome,"profile-property-estateplanning, profile-property-investing, profile-property-budgeting, profile-property-taxplanning",,,,
d7aecf88-d606-4039-b223-0b4f744b3df3,profile-family-myself,profile-property-rent,"profile-property-investing, profile-property-taxplanning, profile-property-debtmanagement",,,,
c7200a6c-934c-4e31-9b8b-a2f59ef69428,"profile-family-havepets, profile-family-myself",profile-property-rent,"profile-property-investing, profile-property-budgeting, profile-property-debtmanagement",,,,
4a9b24cf-0c30-491b-9d41-820afc29391f,profile-family-myself,profile-property-ownhome,"profile-property-estateplanning, profile-property-investing, profile-property-wanthome, profile-property-budgeting, profile-property-taxplanning",,,,
91314e5d-2414-4024-be6c-2ddf45a0c325,"profile-family-havepets, profile-family-myself, profile-family-havekids, profile-family-spouse",profile-property-ownhome,"profile-property-investing, profile-property-budgeting",,,,
d36a54ee-1821-428f-82c4-6e5d95975f6f,"profile-family-myself, profile-family-spouse",profile-property-rent,"profile-property-investing, profile-property-wanthome, profile-property-taxplanning, profile-property-lifeinsurance, profile-property-budgeting","profile-life-insurance, profile-renters-insurance",profile-beneficiaries,profile-goal-progress-quarterly,profile-invest-beginner
00708f4b-9995-4aea-a315-46bf5f421a63,"profile-family-myself, profile-family-havekids, profile-family-spouse",profile-property-neither,"profile-property-investing, profile-property-taxplanning",,,,
b46ce3f0-1249-4b41-a374-06a1d76def57,profile-family-myself,profile-property-rent,"profile-property-investing, profile-property-wanthome, profile-property-taxplanning, profile-property-budgeting",,,,
1733995c-21f7-42df-979d-db68c039cea1,"profile-family-myself, profile-family-agingparents, profile-family-spouse",profile-property-rent,"profile-property-investing, profile-property-wanthome, profile-property-budgeting, profile-property-taxplanning",,,,
e5e89350-42ee-4e4e-b1f1-1d41e6319121,profile-family-spouse,profile-property-rent,"profile-property-investing, profile-property-wanthome, profile-property-healthcost, profile-property-budgeting, profile-property-taxplanning, profile-property-debtmanagement",,,,
9a6ac531-8295-434c-8ebe-dc88815859a4,"profile-family-myself, profile-family-havekids",profile-property-rent,"profile-property-investing, profile-property-collegefund, profile-property-budgeting, profile-property-taxplanning",,,,
18c17367-491e-4ae8-99ff-c46a32c5814b,"profile-family-myself, profile-family-spouse",profile-property-ownhome,"profile-property-investing, profile-property-taxplanning, profile-property-budgeting, profile-property-debtmanagement",,,,
d8757db2-b43b-43bf-ae74-422c7fc3a237,"profile-family-myself, profile-family-havekids",profile-property-ownhome,"profile-property-estateplanning, profile-property-investing, profile-property-wanthome, profile-property-healthcost, profile-property-collegefund",,,,
59b24b34-41ad-43b8-92ec-eec57811927d,"profile-family-myself, profile-family-spouse",profile-property-ownhome,"profile-property-estateplanning, profile-property-investing, profile-property-lifeinsurance, profile-property-collegefund, profile-property-budgeting, profile-property-taxplanning, profile-property-debtmanagement",,,,
8pvdsfmTVp,profile-family-myself,profile-property-ownhome,,,,,
F3xefJ3DUt,,,"profile-property-estateplanning, profile-property-wanthome, profile-property-lifeinsurance, profile-property-budgeting, profile-property-debtmanagement","profile-disability-insurance, profile-home-insurance, profile-life-insurance","profile-will, profile-guardianship, profile-trust",,profile-invest-advanced
069e72dd-77a8-4eec-97bc-b8818add8ac5,profile-family-myself,profile-property-rent,"profile-property-investing, profile-property-wanthome, profile-property-taxplanning",,,,
0adb589f-c64d-4d20-bdc9-dfc4ad70a81d,"profile-family-myself, profile-family-agingparents",profile-property-rent,profile-property-investing,,,,
4739ee3a-3227-4575-b935-3aea1d3ae1b3,"profile-family-havekids, profile-family-spouse",profile-property-ownhome,"profile-property-investing, profile-property-estateplanning, profile-property-lifeinsurance, profile-property-taxplanning, profile-property-budgeting",,,,
5ead8ec5-fce4-4dbf-b1ec-1c1505d72c02,"profile-family-myself, profile-family-spouse",profile-property-ownhome,"profile-property-estateplanning, profile-property-investing",,,,
bb0cd9ef-659c-4a97-8e56-6280623cd38e,"profile-family-myself, profile-family-havekids, profile-family-spouse",profile-property-ownhome,"profile-property-budgeting, profile-property-taxplanning",,,,
8b821472-6e1f-4755-98f3-b51212a35e9a,"profile-family-myself, profile-family-spouse",profile-property-rent,"profile-property-investing, profile-property-budgeting",,,,
de3d2cdd-d221-485c-ab7d-bdf4fed02dbd,"profile-family-myself, profile-family-spouse",profile-property-rent,"profile-property-investing, profile-property-wanthome",,,,
f8b367b8-5031-488b-bacf-1d14071f2f2e,"profile-family-havepets, profile-family-myself",profile-property-rent,"profile-property-investing, profile-property-taxplanning, profile-property-budgeting",,,,
6c37966c-cb66-4ea1-90c5-010aa6a84ab3,profile-family-myself,profile-property-neither,"profile-property-investing, profile-property-budgeting",,,,
cc86db95-efa2-4ae9-beeb-a1f52d57b219,"profile-family-myself, profile-family-spouse",profile-property-rent,"profile-property-investing, profile-property-wanthome, profile-property-taxplanning",,,,
07518b53-9068-4f80-9363-24b883862bcd,"profile-family-myself, profile-family-spouse",profile-property-rent,"profile-property-investing, profile-property-wanthome, profile-property-budgeting",,,,
705d6328-2d92-4bbd-ac65-ec127b8fb7c8,profile-family-myself,profile-property-neither,"profile-property-collegefund, profile-property-budgeting, profile-property-debtmanagement",,,,
42f495af-8aa5-4cd3-91ea-a656df1f73f9,"profile-family-myself, profile-family-spouse",profile-property-ownhome,"profile-property-investing, profile-property-budgeting",,,,
2195e67b-9157-4623-a18d-c19bdd4d803b,profile-family-agingparents,profile-property-rent,"profile-property-wanthome, profile-property-budgeting",,,,
c3bee3b5-49d2-4c6f-9aa8-5597c794f357,profile-family-spouse,profile-property-ownhome,"profile-property-wanthome, profile-property-lifeinsurance, profile-property-collegefund, profile-property-taxplanning",,,,
d840e813-fde8-49f5-a87d-99ffcab3eff4,"profile-family-myself, profile-family-agingparents, profile-family-spouse",profile-property-rent,"profile-property-investing, profile-property-wanthome, profile-property-healthcost, profile-property-taxplanning, profile-property-budgeting",,,,
c794fa5c-bb81-4f6c-b90a-c4acdbe65aab,"profile-family-myself, profile-family-agingparents, profile-family-spouse",profile-property-rent,"profile-property-investing, profile-property-wanthome, profile-property-taxplanning",,,,
66428951-d981-45e6-be25-62dd2daad892,"profile-family-myself, profile-family-spouse",profile-property-rent,"profile-property-investing, profile-property-wanthome, profile-property-budgeting, profile-property-taxplanning",,,,
ffc3e156-b841-43d5-ae60-276a5de89fd6,profile-family-myself,profile-property-rent,"profile-property-investing, profile-property-healthcost, profile-property-budgeting, profile-property-taxplanning",,,,
ec7c2ae7-8113-4ee5-9d1b-7db0f75b69c4,"profile-family-myself, profile-family-havekids, profile-family-spouse",profile-property-ownhome,"profile-property-investing, profile-property-estateplanning, profile-property-wanthome, profile-property-healthcost, profile-property-collegefund, profile-property-budgeting, profile-property-taxplanning",,,,
55fae845-1246-447b-8c59-83e7c82ebee6,"profile-family-myself, profile-family-havekids, profile-family-spouse",profile-property-rent,"profile-property-wanthome, profile-property-lifeinsurance, profile-property-healthcost, profile-property-collegefund",,,,
348168e1-e34d-4618-8268-1f5cfa3cd7ac,"profile-family-myself, profile-family-havekids, profile-family-spouse",profile-property-ownhome,"profile-property-investing, profile-property-healthcost, profile-property-taxplanning, profile-property-estateplanning, profile-property-budgeting",profile-home-insurance,"profile-beneficiaries, profile-will, profile-guardianship, profile-trust",profile-goal-progress-quarterly,profile-invest-intermediate
6c21b203-3cc4-443c-9db6-3e5b7725aed4,profile-family-myself,profile-property-ownhome,"profile-property-estateplanning, profile-property-wanthome, profile-property-taxplanning, profile-property-budgeting","profile-disability-insurance, profile-home-insurance, profile-life-insurance",profile-beneficiaries,profile-goal-progress-quarterly,profile-invest-intermediate
9a2eced5-05d4-4e3b-964c-b83f90620f87,"profile-family-myself, profile-family-havekids, profile-family-spouse",profile-property-ownhome,"profile-property-estateplanning, profile-property-investing, profile-property-taxplanning",,,,
e41772c1-40b4-4078-9699-dffda54940ac,"profile-family-havepets, profile-family-spouse",profile-property-rent,profile-property-investing,,,,
432cbf57-8d19-4c9e-a951-9365d54102f6,"profile-family-myself, profile-family-spouse",profile-property-rent,"profile-property-investing, profile-property-wanthome, profile-property-lifeinsurance, profile-property-budgeting, profile-property-taxplanning",,,,
cf6f6d1d-047d-4ff2-b334-225c888a666e,"profile-family-myself, profile-family-agingparents, profile-family-havekids, profile-family-spouse",profile-property-ownhome,"profile-property-investing, profile-property-healthcost, profile-property-collegefund, profile-property-taxplanning",,,,
345940,"profile-family-havepets, profile-family-myself, profile-family-havekids, profile-family-spouse",profile-property-rent,"profile-property-investing, profile-property-estateplanning, profile-property-budgeting, profile-property-taxplanning",,,,
Mh8PosBM8m,profile-family-myself,profile-property-ownhome,profile-property-budgeting,"profile-disability-insurance, profile-life-insurance","profile-will, profile-trust",profile-goal-progress-yearly,profile-invest-advanced
be65674a-92da-4df9-bb88-a083b3c4bc7a,profile-family-myself,profile-property-rent,profile-property-investing,,,,
c564dc9d-9283-4670-aeaf-a4673ffc2b22,profile-family-myself,profile-property-neither,"profile-property-investing, profile-property-wanthome, profile-property-budgeting, profile-property-taxplanning",,,,
P2EROSlaOa,"profile-family-extendedfam, profile-family-myself",profile-property-ownhome,profile-property-wanthome,profile-disability-insurance,"profile-will, profile-trust",profile-goal-progress-quarterly,profile-invest-advanced
0b504083-9711-4e44-9042-9f58c182ca2e,profile-family-myself,profile-property-rent,"profile-property-investing, profile-property-healthcost, profile-property-taxplanning, profile-property-budgeting",,,,
9aee218e-8b9b-44cb-899b-ef51f05f11a1,"profile-family-myself, profile-family-havekids, profile-family-spouse",profile-property-ownhome,profile-property-taxplanning,,,,
ecc5fd58-9b11-4a73-a99f-17aad95f6d76,profile-family-spouse,profile-property-rent,"profile-property-investing, profile-property-wanthome",,,,
91d57ab6-f8c4-4d95-8beb-567a344be71e,"profile-family-myself, profile-family-agingparents, profile-family-havekids, profile-family-spouse",profile-property-rent,"profile-property-investing, profile-property-wanthome, profile-property-healthcost, profile-property-taxplanning, profile-property-debtmanagement, profile-property-estateplanning, profile-property-lifeinsurance, profile-property-budgeting","profile-home-insurance, profile-life-insurance, profile-renters-insurance, profile-disability-insurance",profile-beneficiaries,profile-goal-progress-monthly,profile-invest-intermediate
76d51678-97d4-4e6d-bd99-f9b9fc87618e,"profile-family-havepets, profile-family-myself, profile-family-spouse",profile-property-rent,profile-property-debtmanagement,,,,
ffba9053-667c-45d3-90c8-2e3be4794c02,"profile-family-havepets, profile-family-myself, profile-family-spouse",profile-property-rent,"profile-property-investing, profile-property-wanthome, profile-property-budgeting, profile-property-taxplanning",,,,
9e3b07ee-08d1-40fa-be6f-c7964a62647a,profile-family-myself,profile-property-rent,"profile-property-investing, profile-property-wanthome, profile-property-taxplanning, profile-property-budgeting",,,,
9a0cd09f-10f9-42f6-88e8-27bb4ba44e19,"profile-family-myself, profile-family-havekids, profile-family-spouse",profile-property-ownhome,"profile-property-estateplanning, profile-property-investing, profile-property-collegefund, profile-property-taxplanning",,,,
b233d140-a2bf-43b7-97c7-80ca852a6581,"profile-family-havepets, profile-family-myself, profile-family-havekids",profile-property-ownhome,"profile-property-investing, profile-property-taxplanning, profile-property-budgeting",,,,
2ff0039c-2ba0-4b84-8371-24bf59952933,profile-family-myself,profile-property-rent,"profile-property-investing, profile-property-budgeting, profile-property-taxplanning",,,,
ad96118c-f3c2-437f-b53d-41d49debf811,"profile-family-extendedfam, profile-family-myself, profile-family-havekids, profile-family-spouse",profile-property-rent,"profile-property-estateplanning, profile-property-investing, profile-property-budgeting, profile-property-taxplanning",,,,
74448362-7de3-4044-9511-4d08f7c8566e,profile-family-myself,profile-property-ownhome,"profile-property-estateplanning, profile-property-investing, profile-property-budgeting, profile-property-debtmanagement",,,,
KPhExg728T,"profile-family-extendedfam, profile-family-myself",profile-property-neither,"profile-property-investing, profile-property-wanthome, profile-property-healthcost, profile-property-collegefund, profile-property-taxplanning, profile-property-debtmanagement, profile-property-estateplanning, profile-property-lifeinsurance, profile-property-budgeting",profile-umbrella-insurance,profile-trust,profile-goal-progress-yearly,profile-invest-intermediate
4c7db6b3-49d1-482b-9c10-7e9c55aee723,"profile-family-myself, profile-family-spouse",profile-property-ownhome,"profile-property-investing, profile-property-wanthome, profile-property-budgeting",,,,
6dd64865-66f3-4c7a-bbf4-42a75d0dee40,profile-family-spouse,profile-property-ownhome,"profile-property-investing, profile-property-collegefund, profile-property-taxplanning",,,,
a7b49718-ef72-4256-af86-4d2d8e4099dc,profile-family-myself,profile-property-ownhome,profile-property-investing,,,,
84c07eaa-05c6-40d9-b38b-2de8ffb4da97,"profile-family-myself, profile-family-spouse",profile-property-ownhome,"profile-property-investing, profile-property-budgeting",,,,
ce696b4e-3d78-4206-9ba4-72fd43c9db74,profile-family-myself,profile-property-rent,"profile-property-investing, profile-property-taxplanning, profile-property-budgeting",,,,
2627704b-3909-4a55-82b1-1e2c3aed5b8d,"profile-family-myself, profile-family-spouse",profile-property-rent,"profile-property-investing, profile-property-budgeting",,,,
4f4185d6-2091-45bd-8fca-28e5a9f173fb,"profile-family-extendedfam, profile-family-myself, profile-family-agingparents, profile-family-havekids, profile-family-spouse",profile-property-ownhome,"profile-property-estateplanning, profile-property-investing, profile-property-lifeinsurance, profile-property-budgeting, profile-property-taxplanning, profile-property-debtmanagement",,,,
841fcde5-597d-45bf-b44d-c32c4f5dd4d4,"profile-family-havepets, profile-family-myself, profile-family-havekids, profile-family-spouse",profile-property-ownhome,"profile-property-investing, profile-property-lifeinsurance, profile-property-collegefund, profile-property-budgeting, profile-property-debtmanagement",,,,
b32dad69-ed23-4422-b7fd-3a5ecd29e1f6,"profile-family-havepets, profile-family-myself, profile-family-havekids, profile-family-spouse",profile-property-ownhome,"profile-property-estateplanning, profile-property-investing, profile-property-lifeinsurance, profile-property-budgeting, profile-property-taxplanning",,,,
9d055c6e-2d5f-4464-b3b4-f2ea5952eac0,"profile-family-havepets, profile-family-myself",profile-property-rent,"profile-property-investing, profile-property-wanthome, profile-property-budgeting, profile-property-taxplanning",,,,
283baea3-c9a3-4a0e-8270-f373d3a4e05b,"profile-family-havepets, profile-family-myself",profile-property-rent,"profile-property-investing, profile-property-wanthome, profile-property-healthcost, profile-property-taxplanning, profile-property-budgeting",profile-renters-insurance,,profile-goal-progress-quarterly,profile-invest-beginner
34590fde-d8dd-43cc-bf1f-d0299ed79ac1,"profile-family-extendedfam, profile-family-myself, profile-family-agingparents, profile-family-havekids, profile-family-spouse",profile-property-ownhome,profile-property-taxplanning,,,,
dc185e1f-eae7-4532-aae2-fadaf9564e38,profile-family-myself,profile-property-rent,profile-property-investing,,,,
2a39e612-0c6c-4cc5-8e92-dd319516e603,profile-family-extendedfam,profile-property-ownhome,profile-property-budgeting,,,,
2b9eef51-064a-468f-b777-3394e3efc66f,"profile-family-myself, profile-family-havekids, profile-family-spouse",profile-property-ownhome,"profile-property-estateplanning, profile-property-investing, profile-property-lifeinsurance, profile-property-collegefund, profile-property-budgeting, profile-property-taxplanning",,,,
00cf8aec-526a-491d-8cc0-2fb892611d0e,"profile-family-myself, profile-family-havekids, profile-family-spouse",profile-property-rent,"profile-property-investing, profile-property-wanthome",,,,
2555657f-5e91-4f71-bf3f-12ebc1c6e2a9,profile-family-myself,profile-property-rent,"profile-property-investing, profile-property-budgeting, profile-property-taxplanning",,,,
ead537a1-e305-4a02-807c-23406c3694b7,"profile-family-myself, profile-family-havekids, profile-family-spouse",profile-property-rent,"profile-property-investing, profile-property-wanthome, profile-property-taxplanning, profile-property-debtmanagement, profile-property-budgeting","profile-life-insurance, profile-renters-insurance, profile-disability-insurance",profile-beneficiaries,profile-goal-progress-monthly,profile-invest-none
a2f12210-0e5a-459e-ac7b-6c112924f1c4,"profile-family-myself, profile-family-agingparents",profile-property-rent,"profile-property-investing, profile-property-wanthome, profile-property-budgeting, profile-property-taxplanning",,,,
d732a63a-ac6e-4d9f-b6af-81af3f3a383d,profile-family-spouse,profile-property-ownhome,profile-property-taxplanning,,,,
8d86d7c0-ab3c-464c-9533-d4d9bdad2bb6,"profile-family-myself, profile-family-havekids, profile-family-spouse",profile-property-ownhome,"profile-property-estateplanning, profile-property-investing, profile-property-wanthome, profile-property-collegefund, profile-property-budgeting",,,,
04bc2a0a-6c36-4598-b496-e8b12d375089,"profile-family-havepets, profile-family-myself, profile-family-spouse",profile-property-ownhome,"profile-property-investing, profile-property-estateplanning, profile-property-healthcost, profile-property-lifeinsurance, profile-property-taxplanning",,,,
b2b25453-13ae-40ae-8f81-b88deff3f55f,"profile-family-myself, profile-family-havekids, profile-family-spouse",profile-property-ownhome,"profile-property-estateplanning, profile-property-budgeting, profile-property-taxplanning",,,,
136fb602-33b8-41f2-8b85-288fe243576e,"profile-family-myself, profile-family-havekids",profile-property-ownhome,"profile-property-investing, profile-property-collegefund, profile-property-taxplanning",,,,
6416e4b3-b400-4d43-91a0-97a4a1428a70,"profile-family-havepets, profile-family-extendedfam, profile-family-myself, profile-family-agingparents, profile-family-havekids, profile-family-spouse",profile-property-ownhome,"profile-property-estateplanning, profile-property-investing, profile-property-taxplanning",,,,
b656a4eb-ecb1-4063-b846-569fb02fd3db,"profile-family-myself, profile-family-spouse",profile-property-ownhome,"profile-property-estateplanning, profile-property-investing, profile-property-wanthome, profile-property-lifeinsurance, profile-property-healthcost, profile-property-collegefund, profile-property-budgeting, profile-property-taxplanning, profile-property-debtmanagement",,,,
105a6537-4ac8-415b-8e1e-65466a9c450f,"profile-family-myself, profile-family-havekids, profile-family-spouse",profile-property-ownhome,"profile-property-estateplanning, profile-property-wanthome, profile-property-taxplanning",,,,
e586e3f9-c486-4ec3-bfcd-dda6b76e3484,"profile-family-agingparents, profile-family-havekids, profile-family-spouse",profile-property-rent,"profile-property-investing, profile-property-wanthome, profile-property-budgeting",,,,
1b8ffbed-8b11-4bc0-a9a6-29f1c42b617e,profile-family-spouse,profile-property-rent,"profile-property-investing, profile-property-budgeting, profile-property-taxplanning",,,,
kzGz0ZKXEB,profile-family-extendedfam,profile-property-rent,profile-property-wanthome,,,,
f6d30d28-3de2-45c7-bdd4-5f01f7b5fca7,"profile-family-havepets, profile-family-myself, profile-family-spouse",profile-property-rent,"profile-property-investing, profile-property-wanthome, profile-property-taxplanning",,,,
516ba386-5f5d-448b-aee2-719fc157ff8d,profile-family-myself,profile-property-rent,profile-property-wanthome,,,,
0938bab7-0ec2-4096-b1b9-45470bf13c32,"profile-family-havepets, profile-family-myself, profile-family-havekids, profile-family-spouse",profile-property-ownhome,"profile-property-estateplanning, profile-property-investing, profile-property-budgeting",,,,
1e3e4bf6-d029-4de5-b7b7-43bbb450c7ea,"profile-family-havepets, profile-family-myself, profile-family-spouse",profile-property-rent,"profile-property-investing, profile-property-wanthome, profile-property-healthcost, profile-property-budgeting, profile-property-taxplanning, profile-property-debtmanagement",,,,
ac597724-9127-42c1-84ea-b6a0de685e46,"profile-family-myself, profile-family-havekids, profile-family-spouse",profile-property-ownhome,"profile-property-estateplanning, profile-property-investing, profile-property-taxplanning",,,,
1c4fea39-5463-4ba5-a46a-5ce2c585959e,"profile-family-myself, profile-family-agingparents",profile-property-rent,"profile-property-estateplanning, profile-property-investing, profile-property-wanthome, profile-property-budgeting",,,,
df834693-19ea-4d94-8586-3a3fb36bd962,"profile-family-myself, profile-family-agingparents, profile-family-havekids, profile-family-spouse",profile-property-ownhome,"profile-property-investing, profile-property-estateplanning, profile-property-collegefund, profile-property-taxplanning",,,,
6b5924f1-6ab5-4ac3-a9c0-ebee583b20bd,profile-family-spouse,profile-property-ownhome,profile-property-estateplanning,,,,
72272d05-3151-48fa-b3df-f30894b15b3f,"profile-family-myself, profile-family-havekids, profile-family-spouse",profile-property-rent,"profile-property-investing, profile-property-wanthome, profile-property-collegefund, profile-property-taxplanning, profile-property-budgeting",,,,
cf7eb9b8-495a-435f-a063-7dc198662ce0,"profile-family-myself, profile-family-agingparents, profile-family-havekids",profile-property-rent,"profile-property-investing, profile-property-budgeting",,,,
010b44d4-9479-48d0-b1fd-c2974d229569,profile-family-myself,profile-property-rent,"profile-property-investing, profile-property-budgeting, profile-property-debtmanagement",,,,
df83bbf2-5309-4bee-b8ca-d5f19c2c416f,"profile-family-myself, profile-family-spouse",profile-property-rent,"profile-property-investing, profile-property-budgeting, profile-property-taxplanning",,,,
HHFpgN14uR,"profile-family-extendedfam, profile-family-myself",profile-property-rent,"profile-property-healthcost, profile-property-collegefund, profile-property-taxplanning, profile-property-budgeting",,,,
6da3dacb-1f35-4610-adea-704663e6f714,profile-family-myself,profile-property-rent,"profile-property-investing, profile-property-budgeting, profile-property-taxplanning",,,,
b2ab75c9-fd76-44c2-afec-5f4d33132c09,"profile-family-havepets, profile-family-myself, profile-family-agingparents, profile-family-spouse",profile-property-ownhome,"profile-property-healthcost, profile-property-budgeting",,,,
8e36589d-44bd-4193-a387-e7a62fe148f9,profile-family-myself,profile-property-rent,"profile-property-investing, profile-property-wanthome, profile-property-healthcost, profile-property-taxplanning",,,,
b2cbc90d-bfe1-4fc1-828e-0a79a51b9075,"profile-family-extendedfam, profile-family-myself, profile-family-agingparents",profile-property-rent,"profile-property-estateplanning, profile-property-wanthome, profile-property-budgeting, profile-property-taxplanning",,,,
c0e357c3-5e71-4f09-83ce-7a0c412a5cba,profile-family-myself,profile-property-rent,"profile-property-investing, profile-property-budgeting",,,,
b0c2261b-92c3-4c93-8a67-d119c9a9e16a,profile-family-spouse,profile-property-rent,"profile-property-estateplanning, profile-property-investing, profile-property-budgeting, profile-property-taxplanning",,,,
491dbebd-d9c1-4818-9125-1d782eed23ed,"profile-family-myself, profile-family-spouse",profile-property-rent,"profile-property-investing, profile-property-budgeting, profile-property-taxplanning",,,,
8b3d93a9-8c0d-4d87-9dd2-b8bc3628cd5d,"profile-family-myself, profile-family-spouse",profile-property-rent,"profile-property-estateplanning, profile-property-investing, profile-property-wanthome, profile-property-taxplanning",,,,
b1c6b1fa-623d-4272-8d17-a90c1f254fa6,"profile-family-myself, profile-family-spouse",profile-property-ownhome,"profile-property-investing, profile-property-taxplanning, profile-property-budgeting",,,,
fe539719-8550-4d34-9c07-ee2f0e7a6018,"profile-family-myself, profile-family-spouse",profile-property-ownhome,"profile-property-taxplanning, profile-property-debtmanagement",,,,
baf3b691-275a-4020-8bba-b45aa60924f6,"profile-family-myself, profile-family-spouse",profile-property-rent,"profile-property-investing, profile-property-wanthome, profile-property-taxplanning","profile-renters-insurance, profile-life-insurance",profile-beneficiaries,profile-goal-progress-yearly,profile-invest-intermediate
8b35d80e-2554-462c-81d9-b799e25218b7,profile-family-spouse,profile-property-rent,"profile-property-investing, profile-property-estateplanning, profile-property-budgeting",,,,
67d012e5-887e-4977-ac87-76d9bc71ed18,"profile-family-myself, profile-family-havekids, profile-family-spouse",profile-property-ownhome,"profile-property-investing, profile-property-estateplanning, profile-property-healthcost, profile-property-collegefund, profile-property-budgeting, profile-property-taxplanning, profile-property-debtmanagement",,,,
20a9f264-2e66-4e2a-b091-27940a73cefc,"profile-family-myself, profile-family-agingparents, profile-family-spouse",profile-property-rent,"profile-property-investing, profile-property-wanthome, profile-property-taxplanning",,,,
a22376ae-a734-45b1-b0fc-9d257971f9cd,"profile-family-myself, profile-family-spouse",profile-property-rent,"profile-property-wanthome, profile-property-budgeting, profile-property-taxplanning",,,,
118accd5-07e9-4b0a-8e06-a531b3dd27ac,"profile-family-myself, profile-family-agingparents, profile-family-havekids, profile-family-spouse",profile-property-rent,"profile-property-estateplanning, profile-property-investing, profile-property-wanthome, profile-property-taxplanning, profile-property-budgeting",,,,
6uiWtCbpIn,profile-family-myself,profile-property-neither,"profile-property-healthcost, profile-property-budgeting, profile-property-debtmanagement",profile-life-insurance,profile-beneficiaries,profile-goal-progress-quarterly,profile-invest-beginner
4fb6a8c9-1283-4644-aafb-a020830b5b78,profile-family-myself,profile-property-ownhome,"profile-property-investing, profile-property-taxplanning",profile-home-insurance,,profile-goal-progress-quarterly,profile-invest-intermediate
203cbd8c-8ac3-4372-b6e5-0d1366eb3a2e,"profile-family-myself, profile-family-spouse",profile-property-ownhome,"profile-property-investing, profile-property-estateplanning, profile-property-budgeting, profile-property-taxplanning",,,,
8d92b4b6-5cd0-4f28-a9fc-751bfe16234d,"profile-family-havepets, profile-family-myself",profile-property-rent,"profile-property-investing, profile-property-wanthome, profile-property-taxplanning","profile-renters-insurance, profile-disability-insurance",,profile-goal-progress-monthly,profile-invest-intermediate
592fd31c-7f0b-4c35-a3b4-b98414ccad56,"profile-family-myself, profile-family-spouse",profile-property-rent,"profile-property-investing, profile-property-wanthome, profile-property-budgeting",,,,
0006fbab-1e92-4eea-a9e3-08ab78c0c53e,"profile-family-myself, profile-family-agingparents, profile-family-spouse",profile-property-rent,"profile-property-investing, profile-property-wanthome, profile-property-budgeting, profile-property-taxplanning",,,,
b85e3eca-4dcf-457f-ae40-3638566f4249,"profile-family-myself, profile-family-agingparents",profile-property-ownhome,"profile-property-investing, profile-property-taxplanning, profile-property-budgeting, profile-property-debtmanagement",,,,
0bf7ef7b-7954-4fcd-a0f6-a13bf92257de,"profile-family-myself, profile-family-spouse",profile-property-rent,"profile-property-investing, profile-property-healthcost, profile-property-taxplanning, profile-property-debtmanagement",,,,
8c1c7e78-df75-4686-8dcd-d9e4663b030f,"profile-family-havepets, profile-family-myself, profile-family-spouse",profile-property-rent,"profile-property-investing, profile-property-taxplanning",,,,
7a99bb9f-d4ed-4337-82bb-fd785f57fed0,"profile-family-myself, profile-family-spouse",profile-property-ownhome,profile-property-investing,,,,
f7ac5c4c-ab47-4329-9d74-c50276f4e180,profile-family-myself,profile-property-neither,profile-property-taxplanning,,,,
e4Gn507ecn,profile-family-myself,profile-property-rent,"profile-property-investing, profile-property-wanthome, profile-property-healthcost, profile-property-collegefund, profile-property-budgeting","profile-life-insurance, profile-disability-insurance","profile-will, profile-trust",profile-goal-progress-monthly,profile-invest-intermediate
9888057c-c705-4d29-b45b-bc72763c2412,profile-family-myself,profile-property-rent,profile-property-investing,,,,
c97a1a53-8561-47e9-a8de-9252fd27b618,profile-family-myself,profile-property-rent,"profile-property-budgeting, profile-property-taxplanning",,,,
c0f36dc6-377d-4f62-9dd4-4462265f5746,"profile-family-extendedfam, profile-family-myself, profile-family-agingparents, profile-family-havekids, profile-family-spouse","profile-property-rent, profile-property-ownhome","profile-property-investing, profile-property-wanthome, profile-property-taxplanning, profile-property-debtmanagement, profile-property-estateplanning, profile-property-budgeting",,,,
be36cd4d-d72e-4449-a04e-9cbbe3d773bb,"profile-family-myself, profile-family-havekids, profile-family-spouse",profile-property-ownhome,"profile-property-investing, profile-property-taxplanning, profile-property-estateplanning","profile-home-insurance, profile-life-insurance, profile-disability-insurance",profile-beneficiaries,profile-goal-progress-quarterly,profile-invest-intermediate
49073c0d-0d22-494d-91ca-e670c0a31e7c,profile-family-myself,profile-property-rent,"profile-property-investing, profile-property-budgeting, profile-property-taxplanning",,,,
88974434-8442-47b0-b541-59978715b69c,"profile-family-myself, profile-family-havekids, profile-family-spouse",profile-property-ownhome,"profile-property-investing, profile-property-estateplanning, profile-property-taxplanning",,,,
79d35585-64ef-4d7c-adb2-8175f978b718,"profile-family-myself, profile-family-spouse",profile-property-rent,"profile-property-investing, profile-property-wanthome, profile-property-budgeting, profile-property-debtmanagement",,,,
4c0184e6-d6fb-4f89-b158-501c7cf10a32,"profile-family-myself, profile-family-spouse",profile-property-ownhome,profile-property-investing,,,,
f23e0995-735a-42e4-9bfd-a6d0b273ab29,profile-family-myself,profile-property-rent,"profile-property-investing, profile-property-estateplanning, profile-property-wanthome, profile-property-budgeting, profile-property-taxplanning",,,,
c519259f-f5ca-4e69-a7b3-84b6939e6099,"profile-family-myself, profile-family-havekids, profile-family-spouse",profile-property-rent,"profile-property-investing, profile-property-wanthome, profile-property-collegefund, profile-property-taxplanning",,,,
fc76d79e-3df9-480d-bd0c-1dd3e85437f1,profile-family-myself,profile-property-rent,"profile-property-investing, profile-property-budgeting, profile-property-taxplanning",,,,
975f079e-2f80-45f8-9d45-b0b27e11262d,profile-family-myself,profile-property-rent,"profile-property-investing, profile-property-taxplanning",,,,
4ffff273-61d3-4436-9846-aefa506784d2,"profile-family-havepets, profile-family-myself, profile-family-spouse",profile-property-ownhome,"profile-property-investing, profile-property-wanthome, profile-property-taxplanning, profile-property-budgeting","profile-home-insurance, profile-life-insurance",profile-beneficiaries,profile-goal-progress-quarterly,profile-invest-intermediate
ba0569f3-e1cd-43a4-8617-342bc69dcd6f,profile-family-myself,profile-property-rent,"profile-property-wanthome, profile-property-budgeting, profile-property-taxplanning",,,,
044e99ea-8433-49c3-a102-7f47969a0302,"profile-family-extendedfam, profile-family-myself, profile-family-agingparents",profile-property-rent,"profile-property-investing, profile-property-wanthome, profile-property-taxplanning, profile-property-budgeting",,,,
a77564d3-5165-44ca-9534-274669438709,"profile-family-myself, profile-family-havekids, profile-family-spouse",profile-property-rent,"profile-property-investing, profile-property-budgeting",,,,
49c58240-f1fe-4f54-b101-991ca6ab6a51,"profile-family-myself, profile-family-agingparents",profile-property-rent,"profile-property-investing, profile-property-taxplanning, profile-property-debtmanagement",,,,
ffa2f191-2280-4503-a7c0-7eddc42d8a50,profile-family-myself,profile-property-rent,"profile-property-investing, profile-property-budgeting",,,,
2bd6677a-4f83-43f1-9c7e-b7819f875f4e,"profile-family-myself, profile-family-spouse",profile-property-rent,"profile-property-investing, profile-property-wanthome, profile-property-healthcost, profile-property-collegefund, profile-property-budgeting, profile-property-taxplanning, profile-property-debtmanagement",,,,
e24f6f08-fe9e-40b0-8912-d17601b3ad1e,"profile-family-havepets, profile-family-myself, profile-family-havekids, profile-family-spouse",profile-property-ownhome,"profile-property-investing, profile-property-lifeinsurance, profile-property-collegefund, profile-property-budgeting, profile-property-taxplanning, profile-property-debtmanagement",,,,
a207790c-ed67-4ed1-915e-59604982e914,profile-family-myself,profile-property-rent,"profile-property-investing, profile-property-wanthome, profile-property-taxplanning",,,,
7e47c4bc-3d33-423e-8dc3-104f35487a2d,"profile-family-havepets, profile-family-myself",profile-property-ownhome,"profile-property-investing, profile-property-wanthome","profile-home-insurance, profile-life-insurance",,profile-goal-progress-weekly,profile-invest-beginner
defaa558-0926-473b-b74e-5c4b61a79688,profile-family-myself,profile-property-rent,"profile-property-investing, profile-property-budgeting, profile-property-taxplanning",,,,
97756fe9-8e62-4ddd-bb87-f12baabfe930,"profile-family-myself, profile-family-agingparents, profile-family-havekids, profile-family-spouse",profile-property-ownhome,"profile-property-estateplanning, profile-property-investing, profile-property-lifeinsurance, profile-property-healthcost, profile-property-budgeting, profile-property-taxplanning",,,,
1c5a03d5-d832-441a-9f0a-7cc4641e9539,"profile-family-extendedfam, profile-family-myself, profile-family-agingparents, profile-family-havekids, profile-family-spouse",profile-property-rent,"profile-property-investing, profile-property-estateplanning, profile-property-wanthome, profile-property-collegefund, profile-property-taxplanning, profile-property-budgeting",,,,
65d76fd3-80ea-4cdc-814a-4d9126e71b06,"profile-family-myself, profile-family-spouse",profile-property-ownhome,profile-property-investing,,,,
f27efcdd-b594-4799-ba65-146875e5f9d1,profile-family-myself,profile-property-rent,"profile-property-investing, profile-property-taxplanning",profile-life-insurance,profile-beneficiaries,profile-goal-progress-monthly,profile-invest-advanced
3dd3433a-a396-46a2-b842-7b028f7d9a2b,"profile-family-myself, profile-family-havekids, profile-family-spouse",profile-property-rent,profile-property-wanthome,,,,
c44325b4-75ef-48d5-9641-480001fc3bc1,"profile-family-havepets, profile-family-myself, profile-family-havekids, profile-family-spouse",profile-property-ownhome,"profile-property-investing, profile-property-estateplanning, profile-property-healthcost, profile-property-budgeting, profile-property-taxplanning",,,,
aad21026-58a9-4f8c-bee8-78435087ffb1,profile-family-myself,profile-property-rent,"profile-property-investing, profile-property-wanthome, profile-property-taxplanning",,,,
c07977ea-db4c-44e8-8003-b0aa8c84e9fd,profile-family-myself,profile-property-rent,profile-property-taxplanning,,,,
cef50ef0-0379-42fc-928d-4eefbe9e2182,profile-family-myself,profile-property-neither,"profile-property-investing, profile-property-taxplanning",,,,
90023463-b601-4a97-a751-49512a05a969,"profile-family-havepets, profile-family-extendedfam, profile-family-myself",profile-property-ownhome,"profile-property-estateplanning, profile-property-investing, profile-property-lifeinsurance, profile-property-budgeting, profile-property-taxplanning",,,,
0a944873-487b-4514-bd57-4133e02b5a59,"profile-family-myself, profile-family-agingparents, profile-family-spouse",profile-property-rent,"profile-property-investing, profile-property-wanthome, profile-property-taxplanning",,,,
0de15519-e087-496f-99ff-bec19611c201,"profile-family-havepets, profile-family-myself, profile-family-agingparents, profile-family-havekids, profile-family-spouse",profile-property-rent,"profile-property-wanthome, profile-property-collegefund, profile-property-taxplanning",,,,
d9064cd1-b3e4-4ea1-add1-1c0664363e77,profile-family-myself,profile-property-ownhome,profile-property-budgeting,,,,
672f4e98-5063-4537-ab82-059e45e8117e,"profile-family-extendedfam, profile-family-myself, profile-family-havekids, profile-family-spouse",profile-property-ownhome,"profile-property-investing, profile-property-collegefund, profile-property-budgeting, profile-property-taxplanning",,,,
00c1ea67-9ea5-490c-8862-7ba26cba5161,profile-family-myself,profile-property-rent,"profile-property-investing, profile-property-estateplanning, profile-property-wanthome, profile-property-healthcost, profile-property-lifeinsurance, profile-property-taxplanning, profile-property-budgeting, profile-property-debtmanagement",,,,
ce485738-8894-4310-ab9e-b9495c5e7fba,"profile-family-myself, profile-family-havekids, profile-family-spouse",profile-property-ownhome,"profile-property-investing, profile-property-taxplanning, profile-property-debtmanagement",,,,
da5084df-b93a-4840-88b5-f0394c9f89f3,profile-family-myself,profile-property-rent,"profile-property-investing, profile-property-collegefund, profile-property-budgeting, profile-property-taxplanning",,,,
6fe58c63-f625-4db9-bf2a-beb9d092018f,"profile-family-myself, profile-family-spouse",profile-property-ownhome,"profile-property-investing, profile-property-budgeting, profile-property-taxplanning",,,,
9bc72b14-c4c2-4da1-a957-52b1e32a7711,"profile-family-myself, profile-family-havekids, profile-family-spouse",profile-property-ownhome,"profile-property-estateplanning, profile-property-investing, profile-property-collegefund, profile-property-taxplanning",,,,
0a1d13a0-61ff-4762-9b78-fa7f77d08f28,profile-family-myself,profile-property-ownhome,"profile-property-investing, profile-property-estateplanning, profile-property-taxplanning, profile-property-budgeting","profile-home-insurance, profile-disability-insurance",profile-beneficiaries,profile-goal-progress-monthly,profile-invest-advanced
d1010328-8702-4452-80a0-0b83ac5c1533,"profile-family-myself, profile-family-spouse",profile-property-rent,"profile-property-investing, profile-property-wanthome, profile-property-budgeting",,,,
cc71f933-e176-4b19-8ef8-318abb313058,"profile-family-extendedfam, profile-family-havepets, profile-family-myself, profile-family-spouse",profile-property-rent,"profile-property-investing, profile-property-taxplanning",,,,
ca8880fb-36f3-4fd9-891b-3baec116a4b5,"profile-family-myself, profile-family-spouse",profile-property-ownhome,profile-property-taxplanning,,,,
fcce4513-fd23-454a-b233-e873f369b555,"profile-family-havepets, profile-family-myself, profile-family-havekids, profile-family-spouse",profile-property-ownhome,"profile-property-investing, profile-property-lifeinsurance, profile-property-collegefund, profile-property-budgeting, profile-property-taxplanning",,,,
cef6c5c3-7685-4b37-873c-c0acfca5030c,profile-family-myself,profile-property-rent,"profile-property-investing, profile-property-budgeting, profile-property-taxplanning",,,,
5914e615-ed45-4b21-a85b-9e2e62af999a,"profile-family-myself, profile-family-havekids, profile-family-spouse",profile-property-ownhome,"profile-property-investing, profile-property-healthcost, profile-property-lifeinsurance, profile-property-collegefund, profile-property-taxplanning, profile-property-budgeting",,,,
028bcb27-2e86-419d-b5ab-64589b87a03c,"profile-family-havepets, profile-family-myself, profile-family-agingparents, profile-family-spouse",profile-property-ownhome,"profile-property-investing, profile-property-wanthome, profile-property-budgeting, profile-property-taxplanning",,,,
c12b9afa-b0ff-4dd3-bf88-a1bde08394ad,"profile-family-havekids, profile-family-spouse",profile-property-rent,profile-property-investing,,,,
053e1eaa-b39c-4f7e-872d-9e6880e17dd1,"profile-family-myself, profile-family-havekids, profile-family-spouse",profile-property-ownhome,"profile-property-estateplanning, profile-property-investing, profile-property-wanthome, profile-property-collegefund, profile-property-taxplanning",,,,
46f45403-7a5a-42c2-a6c0-47670535a383,profile-family-myself,profile-property-rent,"profile-property-investing, profile-property-wanthome",,,,
f5ce666e-0b0e-45a5-8d93-02c9c8d0127f,"profile-family-myself, profile-family-havekids, profile-family-spouse",profile-property-ownhome,"profile-property-estateplanning, profile-property-investing, profile-property-lifeinsurance, profile-property-collegefund, profile-property-budgeting, profile-property-taxplanning",,,,
92fd0fa5-86ba-448a-a069-94291cb474b4,profile-family-myself,profile-property-rent,profile-property-estateplanning,,,,
9e2c7d2c-b9c4-46f8-8b5a-3604bddf1fe2,"profile-family-myself, profile-family-agingparents",profile-property-rent,profile-property-budgeting,,,,
d3c1371c-5e3e-4a4b-a826-119c02f5de92,"profile-family-myself, profile-family-spouse",profile-property-rent,"profile-property-investing, profile-property-wanthome, profile-property-taxplanning, profile-property-budgeting, profile-property-debtmanagement",,,,
b1376beb-eae0-4290-a770-5f0f406d65d9,"profile-family-extendedfam, profile-family-myself, profile-family-havekids, profile-family-spouse",profile-property-ownhome,"profile-property-estateplanning, profile-property-investing, profile-property-budgeting, profile-property-taxplanning",,,,
8cfdb24c-adf8-4136-9be3-a5a9d853dcf4,"profile-family-myself, profile-family-havekids, profile-family-spouse",profile-property-ownhome,"profile-property-estateplanning, profile-property-investing, profile-property-taxplanning",,,,
fe0ac431-ca3c-4693-9246-0d05ae7d694d,"profile-family-myself, profile-family-havekids, profile-family-spouse",profile-property-rent,"profile-property-estateplanning, profile-property-investing, profile-property-lifeinsurance, profile-property-taxplanning",,,,
2e4c00a6-fb0d-410f-a794-06feb539b297,"profile-family-extendedfam, profile-family-myself",profile-property-ownhome,"profile-property-estateplanning, profile-property-investing, profile-property-healthcost, profile-property-taxplanning, profile-property-budgeting, profile-property-debtmanagement",,,,
d1e0e2e8-8dde-4950-8918-def9b3c911b6,profile-family-myself,profile-property-rent,"profile-property-estateplanning, profile-property-investing, profile-property-wanthome, profile-property-taxplanning, profile-property-budgeting, profile-property-debtmanagement",,,,
8c5690dd-aa96-4d8e-820b-167ab79907dd,profile-family-myself,profile-property-ownhome,"profile-property-investing, profile-property-taxplanning, profile-property-budgeting",,,,
cc14a2f0-4dfa-4654-b3f3-18ac3eee0c65,"profile-family-myself, profile-family-spouse",profile-property-rent,"profile-property-estateplanning, profile-property-investing, profile-property-wanthome, profile-property-taxplanning",,,,
902528a4-780b-49fa-8159-21bbc1bfc190,"profile-family-havekids, profile-family-spouse",profile-property-ownhome,"profile-property-investing, profile-property-budgeting, profile-property-taxplanning",,,,
ead53fe5-62b4-43ce-9b93-9f522049ad59,"profile-family-myself, profile-family-agingparents, profile-family-spouse",profile-property-rent,"profile-property-investing, profile-property-wanthome",profile-renters-insurance,profile-beneficiaries,profile-goal-progress-quarterly,profile-invest-beginner
ede96537-412c-4a43-9475-c99044d4f76a,"profile-family-myself, profile-family-havekids, profile-family-spouse",profile-property-ownhome,"profile-property-investing, profile-property-taxplanning","profile-umbrella-insurance, profile-home-insurance, profile-life-insurance",profile-beneficiaries,profile-goal-progress-yearly,profile-invest-intermediate
38b4e1ad-1a68-4320-b8d5-dace08317c33,profile-family-myself,profile-property-rent,"profile-property-investing, profile-property-budgeting, profile-property-taxplanning",,,,
4582454f-af1c-4ff4-86c9-aca413a27ebc,profile-family-myself,profile-property-rent,"profile-property-investing, profile-property-taxplanning, profile-property-budgeting","profile-renters-insurance, profile-disability-insurance, profile-life-insurance",,profile-goal-progress-monthly,profile-invest-beginner
04ae2913-fbc9-4dcc-bafa-20807ed7c653,"profile-family-myself, profile-family-spouse",profile-property-rent,"profile-property-investing, profile-property-taxplanning, profile-property-budgeting",,,,
ce4bc5ab-1613-4184-83d7-1c2e72d781b3,profile-family-myself,profile-property-neither,profile-property-budgeting,,,,
8c859f82-8110-46d5-b90a-03d34670b0cc,profile-family-spouse,profile-property-rent,"profile-property-investing, profile-property-wanthome, profile-property-budgeting, profile-property-taxplanning",,,,
5f43ec44-3746-400d-9532-e7f4cce3c06d,"profile-family-myself, profile-family-havekids, profile-family-spouse",profile-property-ownhome,"profile-property-investing, profile-property-budgeting, profile-property-debtmanagement",,,,
4a784a45-4298-49e4-8fae-e2587150f10c,profile-family-myself,profile-property-ownhome,"profile-property-investing, profile-property-healthcost, profile-property-budgeting, profile-property-taxplanning, profile-property-debtmanagement",,,,
8f1f4013-e0fe-4959-bbdb-9370088741c5,profile-family-myself,profile-property-rent,"profile-property-investing, profile-property-wanthome, profile-property-healthcost, profile-property-budgeting, profile-property-debtmanagement",,,,
66f6ab9d-f258-46ce-b611-7a1ebc8d2f44,"profile-family-myself, profile-family-agingparents, profile-family-havekids, profile-family-spouse",profile-property-rent,"profile-property-investing, profile-property-estateplanning, profile-property-wanthome, profile-property-taxplanning",,,,
1fbcd34a-8d5e-4f0a-b80b-8dc1b5994e64,profile-family-spouse,profile-property-ownhome,"profile-property-investing, profile-property-wanthome, profile-property-taxplanning, profile-property-estateplanning, profile-property-lifeinsurance, profile-property-budgeting","profile-home-insurance, profile-life-insurance, profile-renters-insurance",,profile-goal-progress-yearly,profile-invest-intermediate
4e5c5180-1195-4b33-8a72-b8d1721d0214,profile-family-spouse,profile-property-rent,"profile-property-investing, profile-property-wanthome, profile-property-taxplanning",,,,
1114e3d8-cc19-4283-bd2e-dcce683319fa,profile-family-extendedfam,profile-property-ownhome,profile-property-estateplanning,,,,
f16f34ec-7a17-4fa9-b0b2-3e359a35ffe4,"profile-family-myself, profile-family-havekids, profile-family-spouse",profile-property-ownhome,"profile-property-investing, profile-property-wanthome",,,,
2e2007d5-68b7-4e19-9d98-16c307f2d9ed,profile-family-myself,profile-property-rent,"profile-property-investing, profile-property-wanthome, profile-property-taxplanning, profile-property-debtmanagement",,,,
208bb2be-b9df-4ddc-9cc6-c932ac652fb0,"profile-family-myself, profile-family-havekids, profile-family-spouse",profile-property-ownhome,"profile-property-estateplanning, profile-property-investing, profile-property-taxplanning, profile-property-budgeting",,,,
96e5cb42-7345-45ca-a402-5446754b06db,"profile-family-myself, profile-family-spouse",profile-property-ownhome,"profile-property-investing, profile-property-budgeting, profile-property-taxplanning",,,,
86ac7290-ede3-4ebd-836a-31dc9f185b00,profile-family-myself,profile-property-rent,"profile-property-investing, profile-property-budgeting, profile-property-taxplanning",,,,
a3b0ed35-5f57-42d2-af68-9d418415d89e,profile-family-myself,profile-property-neither,"profile-property-investing, profile-property-budgeting",,,profile-goal-progress-quarterly,profile-invest-beginner
c2e3f4c9-99cd-4f60-8230-5a6918ed2c7f,"profile-family-myself, profile-family-spouse",profile-property-ownhome,"profile-property-estateplanning, profile-property-investing",,,,
3fe3daf1-6662-4abe-85de-7f77c6359838,"profile-family-myself, profile-family-agingparents, profile-family-spouse",profile-property-ownhome,"profile-property-investing, profile-property-wanthome, profile-property-budgeting",profile-home-insurance,profile-beneficiaries,profile-goal-progress-monthly,profile-invest-beginner
ee93f300-7aab-49c1-bdc3-e69d59dc0147,profile-family-spouse,profile-property-rent,"profile-property-investing, profile-property-estateplanning, profile-property-wanthome, profile-property-taxplanning",,,,
ab246918-6cb8-4dc6-92f1-f18cd2c7c687,"profile-family-havepets, profile-family-myself",profile-property-ownhome,"profile-property-estateplanning, profile-property-investing, profile-property-lifeinsurance, profile-property-healthcost, profile-property-taxplanning, profile-property-budgeting, profile-property-debtmanagement",,,,
e3463a7d-491b-4451-b0ab-5ea77b99b957,"profile-family-myself, profile-family-havekids, profile-family-spouse",profile-property-rent,"profile-property-investing, profile-property-wanthome, profile-property-collegefund, profile-property-budgeting","profile-life-insurance, profile-renters-insurance, profile-disability-insurance",profile-beneficiaries,profile-goal-progress-quarterly,profile-invest-beginner
d1504173-9257-4f3d-8140-51783d868245,"profile-family-havekids, profile-family-spouse",profile-property-ownhome,"profile-property-investing, profile-property-estateplanning",,,,
78ff09dd-9fbc-405c-a381-b6fb4a67ad50,"profile-family-myself, profile-family-spouse",profile-property-rent,"profile-property-investing, profile-property-taxplanning, profile-property-budgeting",,,,
f1120c96-e900-407f-998a-4d567585ae2c,"profile-family-myself, profile-family-havekids",profile-property-ownhome,"profile-property-investing, profile-property-collegefund, profile-property-taxplanning",,,,
984ca6f3-b8c4-4295-bd37-337a674c6c4d,profile-family-spouse,profile-property-rent,profile-property-investing,,,,
909172de-1cc3-4f6c-bb1d-2d54f59f7052,profile-family-myself,profile-property-rent,"profile-property-estateplanning, profile-property-collegefund, profile-property-taxplanning",,,,
ff401aeb-a315-4d81-83df-d68ae1274708,"profile-family-myself, profile-family-spouse",profile-property-ownhome,"profile-property-investing, profile-property-lifeinsurance, profile-property-taxplanning",,,,
991d1a92-09d3-4462-9a30-3ea4482a6581,"profile-family-havepets, profile-family-myself",profile-property-ownhome,profile-property-budgeting,,,,
67c95801-1daf-4469-8e85-3d912740dee5,profile-family-myself,profile-property-rent,"profile-property-investing, profile-property-taxplanning, profile-property-budgeting",,,,
77e931e8-38db-44d1-b863-b959bc5a6e43,"profile-family-myself, profile-family-havekids, profile-family-spouse",profile-property-ownhome,"profile-property-investing, profile-property-estateplanning, profile-property-lifeinsurance, profile-property-collegefund, profile-property-budgeting, profile-property-debtmanagement",,,,
56e01170-4dae-43b4-b775-9dab66ff1ceb,"profile-family-havepets, profile-family-extendedfam, profile-family-myself, profile-family-agingparents, profile-family-havekids, profile-family-spouse",profile-property-rent,"profile-property-investing, profile-property-wanthome, profile-property-collegefund, profile-property-budgeting, profile-property-taxplanning",,,,
daa79001-1be0-4120-a578-10bdbcc17fb5,"profile-family-myself, profile-family-havekids, profile-family-spouse",profile-property-rent,"profile-property-wanthome, profile-property-taxplanning, profile-property-estateplanning, profile-property-budgeting","profile-home-insurance, profile-life-insurance, profile-renters-insurance",profile-beneficiaries,profile-goal-progress-yearly,profile-invest-advanced
d789356d-9355-433d-9d7d-2e017f4b8ec4,"profile-family-myself, profile-family-havekids, profile-family-spouse",profile-property-rent,"profile-property-investing, profile-property-wanthome, profile-property-budgeting, profile-property-taxplanning",,,,
aef21c00-ba47-4251-82e1-9a43348f4a43,"profile-family-myself, profile-family-spouse",profile-property-rent,"profile-property-investing, profile-property-budgeting, profile-property-taxplanning","profile-renters-insurance, profile-home-insurance, profile-disability-insurance, profile-life-insurance",,profile-goal-progress-monthly,profile-invest-intermediate
bb49f07f-3a60-4f8b-81b8-fc157b9023b1,profile-family-myself,profile-property-neither,"profile-property-investing, profile-property-budgeting, profile-property-taxplanning",,,,
6a1e170a-a22c-437f-95b0-316a1cc7bfd4,profile-family-myself,profile-property-ownhome,"profile-property-investing, profile-property-budgeting, profile-property-debtmanagement",,,,
10c064dc-a7bc-47fa-bc09-45c1fd8ac486,"profile-family-myself, profile-family-agingparents, profile-family-havekids, profile-family-spouse",profile-property-ownhome,"profile-property-investing, profile-property-healthcost, profile-property-budgeting, profile-property-taxplanning",,,,
bdd6e78c-a7db-48f8-b222-1393792b5eb9,profile-family-myself,profile-property-rent,"profile-property-estateplanning, profile-property-wanthome, profile-property-taxplanning",,,,
96a10eef-98e2-4f6b-94be-f2bd08163268,"profile-family-myself, profile-family-havekids, profile-family-spouse",profile-property-rent,"profile-property-investing, profile-property-estateplanning, profile-property-budgeting, profile-property-taxplanning",,,,
MthnDlYmLu,profile-family-myself,profile-property-ownhome,"profile-property-investing, profile-property-wanthome, profile-property-healthcost, profile-property-collegefund, profile-property-budgeting",,,,
e4745e4d-8002-445c-a39e-4635fec16827,profile-family-spouse,profile-property-ownhome,"profile-property-taxplanning, profile-property-budgeting",,,,
b2a72ca2-8189-4a9c-bcab-986e9fe4b13d,"profile-family-myself, profile-family-spouse",profile-property-ownhome,"profile-property-investing, profile-property-taxplanning, profile-property-debtmanagement",,,,
71f5471e-d27f-42dc-b230-8f5a633ab40b,"profile-family-myself, profile-family-havekids, profile-family-spouse",profile-property-ownhome,"profile-property-investing, profile-property-collegefund, profile-property-taxplanning, profile-property-budgeting","profile-home-insurance, profile-life-insurance",,profile-goal-progress-quarterly,profile-invest-intermediate
7a806d59-aab7-4242-a293-32485e047242,"profile-family-myself, profile-family-spouse",profile-property-rent,"profile-property-investing, profile-property-wanthome, profile-property-taxplanning",,,,
eef95606-647a-460f-848f-3141e42b8064,profile-family-myself,profile-property-rent,"profile-property-investing, profile-property-wanthome, profile-property-taxplanning",,,,
a6387a3c-e752-4cbf-93c4-61d17ab85d40,"profile-family-myself, profile-family-havekids, profile-family-spouse",profile-property-ownhome,"profile-property-investing, profile-property-taxplanning, profile-property-debtmanagement",,,,
c210426a-4006-4d8d-bf0d-e67b75a8e0a2,"profile-family-extendedfam, profile-family-havepets, profile-family-myself, profile-family-agingparents, profile-family-havekids, profile-family-spouse",profile-property-rent,"profile-property-investing, profile-property-estateplanning, profile-property-taxplanning, profile-property-budgeting, profile-property-debtmanagement",,,,
a0ddba18-7dab-4e28-9235-093c49f6cb16,"profile-family-havepets, profile-family-myself",profile-property-rent,"profile-property-investing, profile-property-wanthome, profile-property-healthcost, profile-property-budgeting, profile-property-taxplanning",,,,
b3029722-c030-4193-bd01-5ae56be1b013,"profile-family-myself, profile-family-agingparents, profile-family-havekids, profile-family-spouse",profile-property-ownhome,"profile-property-estateplanning, profile-property-investing, profile-property-budgeting, profile-property-taxplanning",,,,
e9a31357-9aad-407a-aed5-81f64a7735e1,"profile-family-myself, profile-family-spouse",profile-property-rent,"profile-property-investing, profile-property-wanthome, profile-property-taxplanning, profile-property-budgeting",,,,
0d3e2abc-4aaa-4499-8387-92b656704c39,profile-family-myself,profile-property-rent,"profile-property-investing, profile-property-taxplanning",,,,
62293805-31ce-4200-9bd3-eee8c6d4fe39,"profile-family-myself, profile-family-agingparents, profile-family-havekids, profile-family-spouse",profile-property-ownhome,"profile-property-investing, profile-property-taxplanning, profile-property-debtmanagement",,,,
a403e006-3b83-4b9b-af48-9fdab67fed3f,"profile-family-myself, profile-family-havekids, profile-family-spouse",profile-property-ownhome,profile-property-taxplanning,,,,
955f663e-bca9-4fed-8676-0c2e45ab5c81,"profile-family-myself, profile-family-spouse",profile-property-ownhome,"profile-property-investing, profile-property-taxplanning, profile-property-debtmanagement",,,,
40508d46-a688-413c-829d-21425a8e5801,profile-family-myself,profile-property-rent,"profile-property-investing, profile-property-taxplanning",,,,
79f68e20-d19f-4b19-ac11-c1cb6e9d763f,"profile-family-myself, profile-family-agingparents",profile-property-rent,"profile-property-investing, profile-property-wanthome, profile-property-budgeting",,,,
2de0f789-b7ff-4d5b-b223-8d5f35e66d3d,"profile-family-myself, profile-family-agingparents, profile-family-spouse",profile-property-rent,"profile-property-investing, profile-property-wanthome, profile-property-budgeting, profile-property-taxplanning",,,,
d9238429-a877-43fb-a7e4-d1ca9a2b4021,profile-family-myself,profile-property-rent,"profile-property-investing, profile-property-healthcost, profile-property-budgeting, profile-property-taxplanning",,,,
262ba207-6b4e-4e9f-9435-557f7a8630f7,"profile-family-myself, profile-family-havekids, profile-family-spouse",profile-property-neither,"profile-property-investing, profile-property-estateplanning, profile-property-taxplanning, profile-property-budgeting, profile-property-debtmanagement",,,,